Miya|https://mobile-legends.fandom.com/wiki/Miya
Balmond|https://mobile-legends.fandom.com/wiki/Balmond
Saber|https://mobile-legends.fandom.com/wiki/Saber
Alice|https://mobile-legends.fandom.com/wiki/Alice
Nana|https://mobile-legends.fandom.com/wiki/Nana
Tigreal|https://mobile-legends.fandom.com/wiki/Tigreal
Alucard|https://mobile-legends.fandom.com/wiki/Alucard
Karina|https://mobile-legends.fandom.com/wiki/Karina
Akai|https://mobile-legends.fandom.com/wiki/Akai
Franco|https://mobile-legends.fandom.com/wiki/Franco
Bane|https://mobile-legends.fandom.com/wiki/Bane
Bruno|https://mobile-legends.fandom.com/wiki/Bruno
Clint|https://mobile-legends.fandom.com/wiki/Clint
Rafaela|https://mobile-legends.fandom.com/wiki/Rafaela
Eudora|https://mobile-legends.fandom.com/wiki/Eudora
Zilong|https://mobile-legends.fandom.com/wiki/Zilong
Fanny|https://mobile-legends.fandom.com/wiki/Fanny
Layla|https://mobile-legends.fandom.com/wiki/Layla
Minotaur|https://mobile-legends.fandom.com/wiki/Minotaur
Lolita|https://mobile-legends.fandom.com/wiki/Lolita
Hayabusa|https://mobile-legends.fandom.com/wiki/Hayabusa
Freya|https://mobile-legends.fandom.com/wiki/Freya
Gord|https://mobile-legends.fandom.com/wiki/Gord
Natalia|https://mobile-legends.fandom.com/wiki/Natalia
Kagura|https://mobile-legends.fandom.com/wiki/Kagura
Chou|https://mobile-legends.fandom.com/wiki/Chou
Sun|https://mobile-legends.fandom.com/wiki/Sun
Alpha|https://mobile-legends.fandom.com/wiki/Alpha
Ruby|https://mobile-legends.fandom.com/wiki/Ruby
Yi_Sun-shin|https://mobile-legends.fandom.com/wiki/Yi_Sun-shin
Moskov|https://mobile-legends.fandom.com/wiki/Moskov
Johnson|https://mobile-legends.fandom.com/wiki/Johnson
Cyclops|https://mobile-legends.fandom.com/wiki/Cyclops
Estes|https://mobile-legends.fandom.com/wiki/Estes
Hilda|https://mobile-legends.fandom.com/wiki/Hilda
Aurora|https://mobile-legends.fandom.com/wiki/Aurora
Lapu-Lapu|https://mobile-legends.fandom.com/wiki/Lapu-Lapu
Vexana|https://mobile-legends.fandom.com/wiki/Vexana
Roger|https://mobile-legends.fandom.com/wiki/Roger
Karrie|https://mobile-legends.fandom.com/wiki/Karrie
Gatotkaca|https://mobile-legends.fandom.com/wiki/Gatotkaca
Harley|https://mobile-legends.fandom.com/wiki/Harley
Irithel|https://mobile-legends.fandom.com/wiki/Irithel
Grock|https://mobile-legends.fandom.com/wiki/Grock
Argus|https://mobile-legends.fandom.com/wiki/Argus
Odette|https://mobile-legends.fandom.com/wiki/Odette
Lancelot|https://mobile-legends.fandom.com/wiki/Lancelot
Diggie|https://mobile-legends.fandom.com/wiki/Diggie
Hylos|https://mobile-legends.fandom.com/wiki/Hylos
Zhask|https://mobile-legends.fandom.com/wiki/Zhask
Helcurt|https://mobile-legends.fandom.com/wiki/Helcurt
Pharsa|https://mobile-legends.fandom.com/wiki/Pharsa
Lesley|https://mobile-legends.fandom.com/wiki/Lesley
Jawhead|https://mobile-legends.fandom.com/wiki/Jawhead
Angela|https://mobile-legends.fandom.com/wiki/Angela
Gusion|https://mobile-legends.fandom.com/wiki/Gusion
Valir|https://mobile-legends.fandom.com/wiki/Valir
Martis|https://mobile-legends.fandom.com/wiki/Martis
Uranus|https://mobile-legends.fandom.com/wiki/Uranus
Hanabi|https://mobile-legends.fandom.com/wiki/Hanabi
Chang%27e|https://mobile-legends.fandom.com/wiki/Chang%27e
Kaja|https://mobile-legends.fandom.com/wiki/Kaja
Selena|https://mobile-legends.fandom.com/wiki/Selena
Aldous|https://mobile-legends.fandom.com/wiki/Aldous
Claude|https://mobile-legends.fandom.com/wiki/Claude
Vale|https://mobile-legends.fandom.com/wiki/Vale
Leomord|https://mobile-legends.fandom.com/wiki/Leomord
Lunox|https://mobile-legends.fandom.com/wiki/Lunox
Hanzo|https://mobile-legends.fandom.com/wiki/Hanzo
Belerick|https://mobile-legends.fandom.com/wiki/Belerick
Kimmy|https://mobile-legends.fandom.com/wiki/Kimmy
Thamuz|https://mobile-legends.fandom.com/wiki/Thamuz
Harith|https://mobile-legends.fandom.com/wiki/Harith
Minsitthar|https://mobile-legends.fandom.com/wiki/Minsitthar
Kadita|https://mobile-legends.fandom.com/wiki/Kadita
Faramis|https://mobile-legends.fandom.com/wiki/Faramis
Badang|https://mobile-legends.fandom.com/wiki/Badang
Khufra|https://mobile-legends.fandom.com/wiki/Khufra
Granger|https://mobile-legends.fandom.com/wiki/Granger
Guinevere|https://mobile-legends.fandom.com/wiki/Guinevere
Esmeralda|https://mobile-legends.fandom.com/wiki/Esmeralda
Terizla|https://mobile-legends.fandom.com/wiki/Terizla
X.Borg|https://mobile-legends.fandom.com/wiki/X.Borg
Ling|https://mobile-legends.fandom.com/wiki/Ling
Dyrroth|https://mobile-legends.fandom.com/wiki/Dyrroth
Lylia|https://mobile-legends.fandom.com/wiki/Lylia
Baxia|https://mobile-legends.fandom.com/wiki/Baxia
Masha|https://mobile-legends.fandom.com/wiki/Masha
Wanwan|https://mobile-legends.fandom.com/wiki/Wanwan
Silvanna|https://mobile-legends.fandom.com/wiki/Silvanna
Cecilion|https://mobile-legends.fandom.com/wiki/Cecilion
Carmilla|https://mobile-legends.fandom.com/wiki/Carmilla
Atlas|https://mobile-legends.fandom.com/wiki/Atlas
Popol_and_Kupa|https://mobile-legends.fandom.com/wiki/Popol_and_Kupa
Yu_Zhong|https://mobile-legends.fandom.com/wiki/Yu_Zhong
Luo_Yi|https://mobile-legends.fandom.com/wiki/Luo_Yi
Benedetta|https://mobile-legends.fandom.com/wiki/Benedetta
Khaleed|https://mobile-legends.fandom.com/wiki/Khaleed
Barats|https://mobile-legends.fandom.com/wiki/Barats
Brody|https://mobile-legends.fandom.com/wiki/Brody
Yve|https://mobile-legends.fandom.com/wiki/Yve
Mathilda|https://mobile-legends.fandom.com/wiki/Mathilda
Paquito|https://mobile-legends.fandom.com/wiki/Paquito
Gloo|https://mobile-legends.fandom.com/wiki/Gloo
Beatrix|https://mobile-legends.fandom.com/wiki/Beatrix
Phoveus|https://mobile-legends.fandom.com/wiki/Phoveus
Natan|https://mobile-legends.fandom.com/wiki/Natan
Aulus|https://mobile-legends.fandom.com/wiki/Aulus
Aamon|https://mobile-legends.fandom.com/wiki/Aamon
Valentina|https://mobile-legends.fandom.com/wiki/Valentina
Edith|https://mobile-legends.fandom.com/wiki/Edith
Floryn|https://mobile-legends.fandom.com/wiki/Floryn
Yin|https://mobile-legends.fandom.com/wiki/Yin
Melissa|https://mobile-legends.fandom.com/wiki/Melissa
Xavier|https://mobile-legends.fandom.com/wiki/Xavier
Julian|https://mobile-legends.fandom.com/wiki/Julian
Fredrinn|https://mobile-legends.fandom.com/wiki/Fredrinn
Joy|https://mobile-legends.fandom.com/wiki/Joy
Novaria|https://mobile-legends.fandom.com/wiki/Novaria
Arlott|https://mobile-legends.fandom.com/wiki/Arlott
Ixia|https://mobile-legends.fandom.com/wiki/Ixia
Nolan|https://mobile-legends.fandom.com/wiki/Nolan
Cici|https://mobile-legends.fandom.com/wiki/Cici
Chip|https://mobile-legends.fandom.com/wiki/Chip
Zhuxin|https://mobile-legends.fandom.com/wiki/Zhuxin
Suyou|https://mobile-legends.fandom.com/wiki/Suyou
Lukas|https://mobile-legends.fandom.com/wiki/Lukas
Kalea|https://mobile-legends.fandom.com/wiki/Kalea
Zetian|https://mobile-legends.fandom.com/wiki/Zetian
Obsidia|https://mobile-legends.fandom.com/wiki/Obsidia